<?xml version="1.0" encoding="UTF-8"?>
<configuration>
    <!--    属性-->
    <!-- 设置日志输出的目录为d:/logs/springboot-logback -->
    <property name="logDir" value="d:/logs/ckf_crm_system"/>
    <!-- Linux下的设置：<property name="logDir" value="/var/tmp/springboot-logback"/> -->
    <!-- 日志级别-->
    <property name="logLever" value="INFO"/>
    <!--<property name="logLever" value="WARN" /> -->

    <!-- 默认的控制台日志输出，一般生产环境都是后台启动，这个没太大作用 -->
    <appender name="stdout" class="ch.qos.logback.core.ConsoleAppender">
        <!--<Encoding>UTF-8</Encoding> -->
        <layout class="ch.qos.logback.classic.PatternLayout">

            <!--%black(Console-) 打印控制台-->
            <pattern>
                %red(%d{yyyy-MM-dd HH:mm:ss})
                %green([%thread]) %yellow(%-5level) %blue(%logger) - %cyan(%msg%n)
            </pattern>
        </layout>
    </appender>


    <!-- 配置文件轮转 -->
    <appender name="logfile"
              class="ch.qos.logback.core.rolling.RollingFileAppender">
        <!--<Encoding>UTF-8</Encoding> -->
        <File>${logDir}/service.log</File>
        <rollingPolicy class="ch.qos.logback.core.rolling.TimeBasedRollingPolicy">
            <FileNamePattern>${logDir}/service.%d{yyyy-MM-dd}.log.gz</FileNamePattern>
            <maxHistory>30</maxHistory>
        </rollingPolicy>
        <layout class="ch.qos.logback.classic.PatternLayout">
            <pattern>%date [%thread] %-5level %logger{50}:%L - %msg%n</pattern>
        </layout>
    </appender>

    <logger name="com.ckf.crm.mapper" level="DEBUG">

    </logger>


    <!-- root 默认日志配置 ， 注意这里的级别哈！小心生产环境用DEBUG，压爆你的磁盘！ -->
    <root level="${logLever}">
        <appender-ref ref="logfile"/>
        <appender-ref ref="stdout"/>
    </root>
</configuration>