<?xml version="1.0" encoding="UTF-8"?>
<!DOCTYPE mapper PUBLIC "-//mybatis.org//DTD Mapper 3.0//EN" "http://mybatis.org/dtd/mybatis-3-mapper.dtd">
<mapper namespace="com.ckf.crm.mapper.ConsultMapper">

    <!-- 通用查询映射结果 -->
    <resultMap id="ConsultResultMap" type="com.ckf.crm.entity.Consult">
        <id column="c_id" property="cId" />
        <result column="c_consult_content" property="cConsultContent" />
        <result column="c_name" property="cName" />
        <result column="c_sex" property="cSex" />
        <result column="c_phone" property="cPhone" />
    </resultMap>

    <!-- 通用查询结果列 -->
    <sql id="Base_Column_List">
       select consult.c_id, c_consult_content, c_name, c_sex, c_phone, create_time, update_time
        from consult
    </sql>


    <!--全查询部门信息-->
    <select id="selectConsultAll" resultMap="ConsultResultMap">
        <include refid="Base_Column_List" />
        where consult.is_del =0
    </select>

    <!--模糊查询咨询姓名姓名-->
    <select id="selectConsultName" parameterType="java.lang.String" resultMap="ConsultResultMap">
        <include refid="Base_Column_List" />

        where consult.c_name like CONCAT ('%',#{cName},'%')


    </select>

</mapper>
