<?xml version="1.0" encoding="UTF-8"?>
<!DOCTYPE mapper PUBLIC "-//mybatis.org//DTD Mapper 3.0//EN" "http://mybatis.org/dtd/mybatis-3-mapper.dtd">
<mapper namespace="com.ckf.crm.mapper.customerMapper.ContactMapper">

    <!-- 通用查询映射结果 -->
    <resultMap id="ContactResultMap" type="com.ckf.crm.entity.customerEntity.Contact">
        <id column="contact_id" property="contactId" />
        <result column="way" property="way" />
        <result column="content" property="content" />
        <result column="create_time" property="createTime" />
        <result column="update_time" property="updateTime" />
        <result column="is_del" property="isDel" />
        <collection property="employeeList" javaType="java.util.List" resultMap="EmployeeResult"/>
        <collection property="customerList" javaType="java.util.List" resultMap="CustomerResultMap"/>
    </resultMap>

    <!-- 员工映射结果 -->
    <resultMap id="EmployeeResult" type="com.ckf.crm.entity.Employee">
        <id column="e_id" property="eId"/>
        <result column="e_name" property="eName"/>
        <result column="e_pwd" property="ePwd"/>
        <result column="salt" property="salt"/>
        <result column="age" property="age"/>
        <result column="sex" property="sex"/>
        <result column="phone" property="phone"/>
        <result column="address" property="address"/>
        <result column="create_time" property="createTime"/>
        <result column="update_time" property="updateTime"/>
        <result column="is_del" property="isDel"/>
    </resultMap>

    <!--客户映射结果-->
    <resultMap id="CustomerResultMap" type="com.ckf.crm.entity.customerEntity.Customer">
        <id column="customer_id" property="customerId" />
        <result column="customer_name" property="customerName" />
        <result column="sex" property="sex" />
        <result column="phone" property="phone" />
        <result column="company" property="company" />
        <result column="address" property="address" />
        <result column="is_orders" property="isOrders" />
        <result column="create_time" property="createTime" />
        <result column="update_time" property="updateTime" />
        <result column="is_del" property="isDel" />
    </resultMap>



    <!-- 通用查询结果列 -->
    <sql id="Base_Column_List">
       select contact.contact_id,contact.way,contact.content,employee.e_id,e_name,customer.customer_id,customer_name,
          contact.create_time,contact.update_time,contact.is_del
            from contact
              left join con_emp_cus on con_emp_cus.con_id=contact.contact_id
              left join employee   on employee.e_id=con_emp_cus.emp_id
              left join customer   on customer.customer_id=con_emp_cus.cus_id
    </sql>


    <!--全查询订单信息-->
    <select id="selectContactList" resultMap="ContactResultMap">
        <include refid="Base_Column_List"/>
        where contact.is_del =0
    </select>


</mapper>
