<?xml version="1.0" encoding="UTF-8"?>
<!DOCTYPE mapper PUBLIC "-//mybatis.org//DTD Mapper 3.0//EN" "http://mybatis.org/dtd/mybatis-3-mapper.dtd">
<mapper namespace="com.ckf.crm.mapper.DepartmentMapper">

    <!-- 通用查询映射结果 -->
    <resultMap id="DepartmentResultMap" type="com.ckf.crm.entity.Department">
        <id column="d_id" property="dId"/>
        <result column="d_name" property="dName"/>
        <result column="d_manager" property="dManager"/>
        <result column="d_population" property="dPopulation"/>
        <result column="create_time" property="createTime"/>
        <result column="update_time" property="updateTime"/>
        <result column="is_del" property="isDel"/>
    </resultMap>

    <!-- 通用查询结果列 -->
    <sql id="Base_Column_List">
         select  department. d_id, d_name, d_manager, d_population, create_time, update_time, is_del
         from department
    </sql>


    <!--全查询部门信息-->
    <select id="selectDepartmentAll" resultMap="DepartmentResultMap">
        <include refid="Base_Column_List" />
        where department.is_del =0
    </select>


    <!--模糊查询经理姓名-->
    <select id="selectDepartmentName" parameterType="java.lang.String" resultMap="DepartmentResultMap">
        <include refid="Base_Column_List" />

        where department.d_manager like CONCAT ('%',#{dManager},'%')


    </select>

</mapper>
