<?xml version="1.0" encoding="UTF-8"?>
<!DOCTYPE mapper PUBLIC "-//mybatis.org//DTD Mapper 3.0//EN" "http://mybatis.org/dtd/mybatis-3-mapper.dtd">
<mapper namespace="com.ckf.crm.mapper.EmployeeMapper">

    <!-- 员工映射结果 -->
    <resultMap id="EmployeeResult" type="com.ckf.crm.entity.Employee">
        <id column="e_id" property="eId"/>
        <result column="e_name" property="eName"/>
        <result column="e_pwd" property="ePwd"/>
        <result column="salt" property="salt"/>
        <result column="age" property="age"/>
        <result column="sex" property="sex"/>
        <result column="phone" property="phone"/>
        <result column="address" property="address"/>
        <result column="create_time" property="createTime"/>
        <result column="update_time" property="updateTime"/>
        <result column="is_del" property="isDel"/>
        <collection property="roleList" javaType="java.util.List" resultMap="RoleResult"/>
    </resultMap>

    <!-- 角色映射结果 -->
    <resultMap id="RoleResult" type="com.ckf.crm.entity.Role">
        <id column="r_id" property="rId"/>
        <result column="r_name" property="rName"/>
        <result column="create_time" property="createTime"/>
        <result column="update_time" property="updateTime"/>
        <result column="is_del" property="isDel"/>
        <collection property="permissionList" javaType="java.util.List" resultMap="PermissionResult"/>
        <collection property="departmentList" javaType="java.util.List" resultMap="DepartmentResult"/>
    </resultMap>

    <!-- 权限映射结果 -->
    <resultMap id="PermissionResult" type="com.ckf.crm.entity.Permission">
        <id column="p_id" property="pId"/>
        <result column="perm_name" property="permName"/>
        <result column="permission" property="permission"/>
        <result column="url" property="url"/>
        <result column="create_time" property="createTime"/>
        <result column="update_time" property="updateTime"/>
        <result column="is_del" property="isDel"/>
    </resultMap>

    <!-- 部门映射结果 -->
    <resultMap id="DepartmentResult" type="com.ckf.crm.entity.Department">
        <id column="d_id" property="dId"/>
        <result column="d_name" property="dName"/>
        <result column="d_manager" property="dManager"/>
        <result column="d_population" property="dPopulation"/>
        <result column="create_time" property="createTime"/>
        <result column="update_time" property="updateTime"/>
        <result column="is_del" property="isDel"/>
    </resultMap>


    <!-- 通用查询结果列 -->
    <sql id="Base_Column_List">
           select distinct employee.e_id, e_name,e_pwd,salt,age,sex,phone,address,employee.create_time,employee.update_time,employee.is_del,
            role.r_id,r_name,department.d_id,d_name
	    from employee
	        left join emp_role   on emp_role.emp_id   = employee.e_id
	        left join role       on role.r_id         = emp_role.role_id
            left join dept_role  on dept_role.role_id = role.r_id
            left join department on department.d_id   = dept_role.dep_id
    </sql>


    <!--全查询-->
    <select id="selectList" resultMap="EmployeeResult">
        <include refid="Base_Column_List" />
        where employee.is_del =0
    </select>


    <!--通过员工名字查询不同角色的权限  登陆查询-->
    <select id="selectByUserName" resultMap="EmployeeResult" parameterType="String">

           select distinct employee.e_id, e_name,e_pwd, salt,age,sex,phone,address,employee.create_time,employee.update_time,employee.is_del,
            role.r_id,r_name,permission.p_id,perm_name,permission,url,department.d_id,d_name
	    from employee
	        left join emp_role   on emp_role.emp_id   = employee.e_id
	        left join role       on role.r_id         = emp_role.role_id
			left join role_perm  on role_perm.role_id = role.r_id
            left join permission on permission.p_id   = role_perm.perm_id
            left join dept_role  on dept_role.role_id = role.r_id
            left join department on department.d_id   = dept_role.dep_id
	    where e_name = #{eName} and employee.is_del =0

    </select>

    <!--模糊查询员姓名-->
    <select id="selectEmployeeName" parameterType="java.lang.String" resultMap="EmployeeResult">
        <include refid="Base_Column_List" />
        where employee.e_name like  CONCAT ('%',#{eName},'%') and employee.is_del =0

    </select>



    <!--查询前台 用户名是否存在-->
    <select id="selectName"  resultMap="EmployeeResult" parameterType="java.lang.String">
       select employee.e_id,e_name,e_pwd,salt,age,sex,address  from employee

        where e_name = #{eName}

    </select>


    <!--注册-->
    <insert id="register" parameterType="com.ckf.crm.entity.Employee" useGeneratedKeys="true">
        insert into employee(e_name,e_pwd,create_time,update_time,is_del)
         values(#{eName},#{ePwd},#{createTime},#{updateTime},#{isDel})
    </insert>

</mapper>
