<?xml version="1.0" encoding="UTF-8"?>
<!DOCTYPE mapper PUBLIC "-//mybatis.org//DTD Mapper 3.0//EN" "http://mybatis.org/dtd/mybatis-3-mapper.dtd">
<mapper namespace="com.ckf.crm.mapper.PermissionMapper">

    <!-- 通用查询映射结果 -->
    <resultMap id="PermissionResultMap" type="com.ckf.crm.entity.Permission">
        <id column="p_id" property="pId"/>
        <result column="perm_name" property="permName"/>
        <result column="permission" property="permission"/>
        <result column="url" property="url"/>
        <result column="create_time" property="createTime"/>
        <result column="update_time" property="updateTime"/>
        <result column="is_del" property="isDel"/>
    </resultMap>

    <!-- 通用查询结果列 -->
    <sql id="Base_Column_List">
      select permission.p_id, perm_name, permission, url, create_time, update_time, is_del
      from permission
    </sql>


    <!--全查询权限信息-->
    <select id="selectPermissionAll" resultMap="PermissionResultMap">
        <include refid="Base_Column_List" />
        where permission.is_del =0
    </select>

</mapper>
