<?xml version="1.0" encoding="UTF-8"?>
<!DOCTYPE mapper PUBLIC "-//mybatis.org//DTD Mapper 3.0//EN" "http://mybatis.org/dtd/mybatis-3-mapper.dtd">
<mapper namespace="com.ckf.crm.mapper.RoleMapper">

    <!-- 角色映射结果 -->
    <resultMap id="RoleResult" type="com.ckf.crm.entity.Role">
        <id column="r_id" property="rId"/>
        <result column="r_name" property="rName"/>
        <result column="create_time" property="createTime"/>
        <result column="update_time" property="updateTime"/>
        <result column="is_del" property="isDel"/>
        <collection property="permissionList" javaType="java.util.List" resultMap="PermissionResult"/>
    </resultMap>

    <!-- 权限映射结果 -->
    <resultMap id="PermissionResult" type="com.ckf.crm.entity.Permission">
        <id column="p_id" property="pId"/>
        <result column="perm_name" property="permName"/>
        <result column="permission" property="permission"/>
        <result column="url" property="url"/>
        <result column="create_time" property="createTime"/>
        <result column="update_time" property="updateTime"/>
        <result column="is_del" property="isDel"/>
    </resultMap>

    <!-- 通用查询结果列 -->
    <sql id="Base_Column_List">
       select distinct role.r_id,r_name,permission.p_id,perm_name,permission,url,role.create_time,role.update_time from role
          left join role_perm  on role_perm.role_id = role.r_id
          left join permission on permission.p_id = role_perm.perm_id
    </sql>


    <!--mybatisplus 分页全查询角色信息-->
    <select id="selectRoleList" resultMap="RoleResult">
        <include refid="Base_Column_List" />
        where role.is_del =0
    </select>


    <!--全查询角色信息-->
    <select id="selectRolePermissionAll" resultMap="RoleResult">
        <include refid="Base_Column_List" />
        where role.is_del =0
    </select>

</mapper>
